,STS,Token_Accuracy
0,0.92537373,1.2820512820512822
1,1.2734106,12.82051282051282
2,1.582844,22.985347985347985
3,1.6448982,17.857142857142858
